-27.227722,-54.812731,355,1,1,2,1,3,3,1
-27.207421,-54.943803,426,1,1,2,1,3,3,1
-27.909138,-55.770513,158,1,1,2,1,3,3,1
-27.657854,-55.832651,137,1,1,2,1,3,3,1
-26.58272,-54.608489,230,1,1,2,1,3,3,1
-26.815907, -53.99789,404,1,1,2,1,3,3,1
-27.216385,-54.224206,214,1,1,2,1,3,3,1
-27.321904,-54.520342,305,1,1,2,1,3,3,1
-27.277949,-55.029298,368,1,1,2,1,3,3,1
-27.515887,-55.158923,348,1,1,2,1,3,3,1
-26.550369,-54.072027,582,1,1,2,1,3,3,1
-26.119092,-54.186202,399,1,1,2,1,3,3,1
-25.794731,-54.415431,281,1,1,2,1,3,3,1
-25.930044,-53.884148,487,1,1,2,1,3,3,1
-25.708657,-54.168108,310,1,1,2,1,3,3,1
-27.001314,-53.965712,306,1,1,2,1,3,3,1
-27.418344,-54.727204,300,1,1,2,1,3,3,1
-27.06252,-55.346196,189,1,1,2,1,3,3,1
-27.493003,-55.136406,287,1,1,2,1,3,3,1
-27.577353,-55.729049,165,1,1,2,1,3,3,1
-27.433719,-55.947097,137,1,1,2,1,3,3,1
-27.716892,-55.738628,184,1,1,2,1,3,3,1
-27.942034,-55.505916,159,1,1,2,1,3,3,1
-27.802211,-55.199706,151,1,1,2,1,3,3,1
-27.447517,-54.696535,225,1,1,2,1,3,3,1
-27.29433,-54.349553,307,1,1,2,1,3,3,1
-26.998305,-53.981473,363,1,1,2,1,3,3,1
-26.82615,-54.206294,494,1,1,2,1,3,3,1
-26.662004,-54.492329,439,1,1,2,1,3,3,1
-26.826162,-54.395208,445,1,1,2,1,3,3,1
-26.646898,-54.663929,223,1,1,2,1,3,3,1
-26.906097,-54.445382,488,1,1,2,1,3,3,1
-27.13832,-54.689057,478,1,1,2,1,3,3,1
-27.295346,-54.333151,236,1,1,2,1,3,3,1
-27.308912,-54.632185,350,1,1,2,1,3,3,1
-27.295091,-54.907368,352,1,1,2,1,3,3,1
-27.34572,-55.13534,366,1,1,2,1,3,3,1
-26.762121,-54.902119,168,1,1,2,1,3,3,1
-27.087176,-53.897614,223,1,1,2,1,3,3,1
-26.589077,-53.792264,584,1,1,2,1,3,3,1
-26.18483,-53.818336,569,1,1,2,1,3,3,1
-27.569575,-55.952066,167,1,1,2,1,3,3,1
-27.708792,-54.97666,245,1,1,2,1,3,3,1
-27.548317,-55.248935,316,1,1,2,1,3,3,1
-27.455164,-55.522076,177,1,1,2,1,3,3,1
-27.455744,-55.137474,314,1,1,2,1,3,3,1
-27.316245,-55.381956,181,1,1,2,1,3,3,1
-27.175805,-55.50917,151,1,1,2,1,3,3,1
-27.47154,-54.653292,170,1,1,2,1,3,3,1
-27.338101,-54.846764,340,1,1,2,1,3,3,1
-27.227638,-55.061547,406,1,1,2,1,3,3,1
-27.117767,-55.235661,229,1,1,2,1,3,3,1
-27.03675,-55.393722,167,1,1,2,1,3,3,1
-27.381246,-54.323207,153,1,1,2,1,3,3,1
-27.245217,-54.508259,317,1,1,2,1,3,3,1
-27.124566,-54.703039,460,1,1,2,1,3,3,1
-27.014593,-54.877153,453,1,1,2,1,3,3,1
-26.917065,-55.079691,186,1,1,2,1,3,3,1
-27.195834,-54.21717,244,1,1,2,1,3,3,1
-27.112931,-54.33962,486,1,1,2,1,3,3,1
-27.039742,-54.495779,515,1,1,2,1,3,3,1
-26.984035,-54.68356,451,1,1,2,1,3,3,1
-26.895815,-54.802726,234,1,1,2,1,3,3,1
-26.823001,-54.931732,162,1,1,2,1,3,3,1
-27.157919,-54.002639,323,1,1,2,1,3,3,1
-27.051154,-54.14438,417,1,1,2,1,3,3,1
-26.943813,-54.313328,389,1,1,2,1,3,3,1
-26.846952,-54.4752,468,1,1,2,1,3,3,1
-26.768697,-54.614526,293,1,1,2,1,3,3,1
-26.695284,-54.770685,176,1,1,2,1,3,3,1
-26.995802,-53.81346,310,1,1,2,1,3,3,1
-26.909547,-53.968265,367,1,1,2,1,3,3,1
-26.835711,-54.151508,476,1,1,2,1,3,3,1
-26.759384,-54.326367,577,1,1,2,1,3,3,1
-26.707044,-54.468436,545,1,1,2,1,3,3,1
-26.644408,-54.603982,266,1,1,2,1,3,3,1
-26.579296,-54.731103,219,1,1,2,1,3,3,1
-26.921283,-53.761745,408,1,1,2,1,3,3,1
-26.819558,-53.932376,463,1,1,2,1,3,3,1
-26.722762,-54.110524,462,1,1,2,1,3,3,1
-26.671405,-54.218961,520,1,1,2,1,3,3,1
-26.63342,-54.335834,305,1,1,2,1,3,3,1
-26.588391,-54.4661,317,1,1,2,1,3,3,1
-26.533447,-54.581251,239,1,1,2,1,3,3,1
-26.47655,-54.708574,150,1,1,2,1,3,3,1
-26.757886,-53.77971,520,1,1,2,1,3,3,1
-26.672194,-53.902369,543,1,1,2,1,3,3,1
-26.608322,-54.043112,580,1,1,2,1,3,3,1
-26.630035,-54.204781,547,1,1,2,1,3,3,1
-26.609955,-54.36645,318,1,1,2,1,3,3,1
-26.589872,-54.524223,370,1,1,2,1,3,3,1
-26.548877,-54.666414,246,1,1,2,1,3,3,1
-26.411034,-53.723669,591,1,1,2,1,3,3,1
-26.387426,-53.846382,651,1,1,2,1,3,3,1
-26.374284,-53.969094,568,1,1,2,1,3,3,1
-27.997945,-55.494319,129,1,1,2,1,3,3,1
-27.90801,-55.515626,134,1,1,2,1,3,3,1
-27.812472,-55.514274,250,1,1,2,1,3,3,1
-27.708847,-55.531848,203,1,1,2,1,3,3,1
-27.616018,-55.535903,213,1,1,2,1,3,3,1
-27.525509,-55.542662,242,1,1,2,1,3,3,1
-27.422926,-55.541311,177,1,1,2,1,3,3,1
-27.303432,-55.537255,127,1,1,2,1,3,3,1
-27.195834,-55.544014,134,1,1,2,1,3,3,1
-27.191588,-55.458849,180,1,1,2,1,3,3,1
-27.196961,-55.379092,212,1,1,2,1,3,3,1
-27.19031,-55.272298,232,1,1,2,1,3,3,1
-27.176444,-55.18443,324,1,1,2,1,3,3,1
-27.167386,-55.085747,366,1,1,2,1,3,3,1
-27.177571,-55.000582,430,1,1,2,1,3,3,1
-27.18054,-54.882973,378,1,1,2,1,3,3,1
-27.183509,-54.759958,366,1,1,2,1,3,3,1
-27.191287,-54.631535,398,1,1,2,1,3,3,1
-27.189446,-54.519333,360,1,1,2,1,3,3,1
-27.187605,-54.401725,370,1,1,2,1,3,3,1
-27.188168,-54.289524,284,1,1,2,1,3,3,1
-27.181517,-54.166508,335,1,1,2,1,3,3,1
-27.17727,-54.067825,282,1,1,2,1,3,3,1
-27.182644,-53.963735,230,1,1,2,1,3,3,1
-27.081076,-53.957474,265,1,1,2,1,3,3,1
-26.970854,-53.953418,415,1,1,2,1,3,3,1
-26.848463,-53.949363,465,1,1,2,1,3,3,1
-26.740428,-53.948011,565,1,1,2,1,3,3,1
-26.629874,-53.946659,583,1,1,2,1,3,3,1
-26.521631,-53.950714,643,1,1,2,1,3,3,1
-26.435077,-53.946659,595,1,1,2,1,3,3,1
-26.338766,-53.945307,588,1,1,2,1,3,3,1
-26.252075,-53.941252,589,1,1,2,1,3,3,1
-26.160465,-53.934493,459,1,1,2,1,3,3,1
-26.068784,-53.938548,464,1,1,2,1,3,3,1
-25.969739,-53.934493,437,1,1,2,1,3,3,1
-25.880341,-53.927733,456,1,1,2,1,3,3,1
-25.793309,-53.929085,359,1,1,2,1,3,3,1
-25.703778,-53.935844,258,1,1,2,1,3,3,1
-25.639698,-54.0886,260,1,1,2,1,3,3,1
-25.625644,-54.168358,280,1,1,2,1,3,3,1
-25.631091,-54.245412,272,1,1,2,1,3,3,1
-25.629225,-54.330576,246,1,1,2,1,3,3,1
-25.660186,-54.361668,229,1,1,2,1,3,3,1
-25.69487,-54.395464,225,1,1,2,1,3,3,1
-25.727109,-54.442777,238,1,1,2,1,3,3,1
-25.696012,-54.492795,236,1,1,2,1,3,3,1
-25.642974,-54.540109,217,1,1,2,1,3,3,1
-25.619169,-54.582015,190,1,1,2,1,3,3,1
-25.695289,-54.569849,221,1,1,2,1,3,3,1
-25.739705,-54.603644,223,1,1,2,1,3,3,1
-25.788973,-54.569849,215,1,1,2,1,3,3,1
-25.845521,-54.557682,208,1,1,2,1,3,3,1
-25.916632,-54.553627,198,1,1,2,1,3,3,1
-25.97798,-54.582015,198,1,1,2,1,3,3,1
-26.039295,-54.599589,215,1,1,2,1,3,3,1
-26.08601,-54.598237,209,1,1,2,1,3,3,1
-26.139988,-54.586071,188,1,1,2,1,3,3,1
-26.201219,-54.584719,198,1,1,2,1,3,3,1
-26.245444,-54.596885,191,1,1,2,1,3,3,1
-26.297493,-54.618514,200,1,1,2,1,3,3,1
-26.329566,-54.619866,200,1,1,2,1,3,3,1
-26.383431,-54.621218,208,1,1,2,1,3,3,1
-26.430008,-54.641495,192,1,1,2,1,3,3,1
-26.478986,-54.656365,166,1,1,2,1,3,3,1
-26.50617,-54.690161,231,1,1,2,1,3,3,1
-26.523672,-54.705031,231,1,1,2,1,3,3,1
-26.553264,-54.730716,219,1,1,2,1,3,3,1
-26.585267,-54.737475,198,1,1,2,1,3,3,1
-26.626928,-54.744234,202,1,1,2,1,3,3,1
-26.683069,-54.778029,176,1,1,2,1,3,3,1
-26.710205,-54.836158,228,1,1,2,1,3,3,1
-26.739749,-54.867249,228,1,1,2,1,3,3,1
-26.778941,-54.89023,168,1,1,2,1,3,3,1
-26.820531,-54.924026,162,1,1,2,1,3,3,1
-26.830748,-54.979451,172,1,1,2,1,3,3,1
-26.853024,-55.029468,218,1,1,2,1,3,3,1
-26.884942,-55.057856,205,1,1,2,1,3,3,1
-26.926494,-55.061912,186,1,1,2,1,3,3,1
-26.97044,-55.103818,166,1,1,2,1,3,3,1
-27.01196,-55.159243,198,1,1,2,1,3,3,1
-27.031793,-55.214428,185,1,1,2,1,3,3,1
-27.080512,-55.277964,232,1,1,2,1,3,3,1
-27.100332,-55.327981,182,1,1,2,1,3,3,1
-27.117743,-55.367184,143,1,1,2,1,3,3,1
-27.135151,-55.409091,167,1,1,2,1,3,3,1
-27.164583,-55.44559,153,1,1,2,1,3,3,1
-27.20235,-55.479385,180,1,1,2,1,3,3,1
-27.226957,-55.507774,147,1,1,2,1,3,3,1
-27.2828,-55.530755,121,1,1,2,1,3,3,1
-27.327348,-55.538865,127,1,1,2,1,3,3,1
-27.368736,-55.559143,176,1,1,2,1,3,3,1
-27.398107,-55.614568,138,1,1,2,1,3,3,1
-27.446667,-55.640252,124,1,1,2,1,3,3,1
-27.466422,-55.692973,134,1,1,2,1,3,3,1
-27.477141,-55.752453,103,1,1,2,1,3,3,1
-27.468108,-55.802471,89,1,1,2,1,3,3,1
-27.439881,-55.874117,83,1,1,2,1,3,3,1
-27.37804,-55.926838,120,1,1,2,1,3,3,1
-27.383404,-56.006596,111,1,1,2,1,3,3,1
-27.437894,-56.03228,131,1,1,2,1,3,3,1
-27.510418,-55.993078,160,1,1,2,1,3,3,1
-27.542148,-55.956578,167,1,1,2,1,3,3,1
-27.578663,-55.92819,167,1,1,2,1,3,3,1
-27.617561,-55.910616,136,1,1,2,1,3,3,1
-27.64926,-55.890339,161,1,1,2,1,3,3,1
-27.703618,-55.859247,141,1,1,2,1,3,3,1
-27.737686,-55.841674,170,1,1,2,1,3,3,1
-27.776527,-55.815989,172,1,1,2,1,3,3,1
-27.829701,-55.803823,188,1,1,2,1,3,3,1
-27.880459,-55.802471,120,1,1,2,1,3,3,1
-27.928805,-55.801119,119,1,1,2,1,3,3,1
-27.975301,-55.776786,121,1,1,2,1,3,3,1
-28.004509,-55.753805,111,1,1,2,1,3,3,1
-28.03371,-55.728121,118,1,1,2,1,3,3,1
-28.075816,-55.694926,103,1,1,2,1,3,3,1
-28.100227,-55.655724,87,1,1,2,1,3,3,1
-28.113828,-55.597595,79,1,1,2,1,3,3,1
-28.078612,-55.488098,89,1,1,2,1,3,3,1
-28.052928,-55.429969,94,1,1,2,1,3,3,1
-27.989046,-55.401581,104,1,1,2,1,3,3,1
-27.944235,-55.340749,96,1,1,2,1,3,3,1
-27.913742,-55.309657,121,1,1,2,1,3,3,1
-27.907134,-55.256936,99,1,1,2,1,3,3,1
-27.848507,-55.194752,101,1,1,2,1,3,3,1
-27.867786,-55.14066,105,1,1,2,1,3,3,1
-27.836001,-55.071717,104,1,1,2,1,3,3,1
-27.786343,-55.091994,125,1,1,2,1,3,3,1
-27.774943,-55.023052,115,1,1,2,1,3,3,1
-27.763543,-54.964923,106,1,1,2,1,3,3,1
-27.718639,-54.920313,172,1,1,2,1,3,3,1
-27.661744,-54.932479,242,1,1,2,1,3,3,1
-27.621589,-54.877055,208,1,1,2,1,3,3,1
-27.562247,-54.845963,151,1,1,2,1,3,3,1
-27.537002,-54.772965,178,1,1,2,1,3,3,1
-27.544756,-54.714836,141,1,1,2,1,3,3,1
-27.50216,-54.637782,163,1,1,2,1,3,3,1
-27.45475,-54.579654,189,1,1,2,1,3,3,1
-27.464908,-54.516118,175,1,1,2,1,3,3,1
-27.419882,-54.463397,181,1,1,2,1,3,3,1
-27.398843,-54.410676,168,1,1,2,1,3,3,1
-27.401806,-54.355252,206,1,1,2,1,3,3,1
-27.392767,-54.291716,153,1,1,2,1,3,3,1
-27.36452,-54.241699,219,1,1,2,1,3,3,1
-27.305039,-54.218718,217,1,1,2,1,3,3,1
-27.257544,-54.184922,169,1,1,2,1,3,3,1
-27.277333,-54.118683,272,1,1,2,1,3,3,1
-27.208188,-54.033518,250,1,1,2,1,3,3,1
-27.136594,-53.953761,210,1,1,2,1,3,3,1
-27.103469,-53.865892,299,1,1,2,1,3,3,1
-27.036624,-53.80506,359,1,1,2,1,3,3,1
-26.96492,-53.746932,277,1,1,2,1,3,3,1
-26.82081,-53.740173,445,1,1,2,1,3,3,1
-26.681348,-53.763154,473,1,1,2,1,3,3,1
-26.534459,-53.74558,463,1,1,2,1,3,3,1
-26.397069,-53.717192,591,1,1,2,1,3,3,1
-26.32762,-53.697002,702,1,1,2,1,3,3,1
-26.228794,-53.676725,678,1,1,2,1,3,3,1
-26.144448,-53.74026,684,1,1,2,1,3,3,1
-26.045467,-53.801092,553,1,1,2,1,3,3,1
-25.958557,-53.853813,471,1,1,2,1,3,3,1
-25.842388,-53.86598,366,1,1,2,1,3,3,1
-25.741288,-53.884905,308,1,1,2,1,3,3,1
-25.651717,-53.924108,245,1,1,2,1,3,3,1
-25.608412,-54.022791,252,1,1,2,1,3,3,1
-22.938196,-64.285475,409,1,1,3,3,2,1,2
-23.165232,-64.365154,401,1,1,3,3,2,1,2
-23.261315,-64.472172,497,1,1,3,3,2,1,2
-23.49795,-64.672249,1097,1,1,3,3,2,1,2
-23.736158,-64.709473,464,1,1,3,3,2,1,2
-23.984959,-64.807185,486,1,1,3,3,2,1,2
-24.216307,-64.960732,960,1,1,3,3,2,1,2
-24.345535,-65.114279,934,1,1,3,3,2,1,2
-24.423804,-65.239909,1090,1,1,3,3,2,1,2
-24.611581,-65.32849,1434,1,1,3,3,2,1,2
-24.841784,-65.472732,1229,1,1,3,3,2,1,2
-24.826547,-65.106226,896,1,1,3,3,2,1,2
-24.896074,-64.915455,991,1,1,3,3,2,1,2
-24.960771,-64.662537,978,1,1,3,3,2,1,2
-24.988055,-64.508989,704,1,1,3,3,2,1,2
-25.065921,-64.299606,459,1,1,3,3,2,1,2
-25.160584,-64.220506,402,1,1,3,3,2,1,2
-25.427325,-64.243771,457,1,1,3,3,2,1,2
-25.588871,-64.248424,420,1,1,3,3,2,1,2
-25.783721,-64.299606,467,1,1,3,3,2,1,2
-26.112026,-64.434542,499,1,1,3,3,2,1,2
-26.322696,-64.485724,393,1,1,3,3,2,1,2
-26.557959,-64.527601,357,1,1,3,3,2,1,2
-26.809352,-64.643925,332,1,1,3,3,2,1,2
-27.043613,-64.750943,387,1,1,3,3,2,1,2
-27.260843,-64.830043,374,1,1,3,3,2,1,2
-27.434579,-64.955673,290,1,1,3,3,2,1,2
-27.675771,-65.025467,293,1,1,3,3,2,1,2
-27.916432,-65.076649,371,1,1,3,3,2,1,2
-28.140147,-65.146444,482,1,1,3,3,2,1,2
-28.38796,-65.141791,436,1,1,3,3,2,1,2
-28.610689,-65.165055,345,1,1,3,3,2,1,2
-28.767709,-65.141791,307,1,1,3,3,2,1,2
-28.989632,-65.239503,307,1,1,3,3,2,1,2
-29.17046,-65.318603,308,1,1,3,3,2,1,2
-29.31852,-65.379091,319,1,1,3,3,2,1,2
-29.506867,-65.467497,257,1,1,3,3,2,1,2
-29.686781,-65.546597,213,1,1,3,3,2,1,2
-29.800708,-65.674757,243,1,1,3,3,2,1,2
-29.963973,-65.800387,310,1,1,3,3,2,1,2
-30.167205,-65.953934,253,1,1,3,3,2,1,2
-30.337899,-66.098176,374,1,1,3,3,2,1,2
-30.52433,-66.195888,446,1,1,3,3,2,1,2
-30.766393,-66.349435,776,1,1,3,3,2,1,2
-31.04772,-66.493677,1059,1,1,3,3,2,1,2
-31.264604,-66.610001,737,1,1,3,3,2,1,2
-31.425421,-66.726324,528,1,1,3,3,2,1,2
-31.601816,-66.879872,424,1,1,3,3,2,1,2
-31.793698,-67.042725,505,1,1,3,3,2,1,2
-31.929914,-67.298638,524,1,1,3,3,2,1,2
-32.24713,-67.266067,504,1,1,3,3,2,1,2
-32.500476,-67.233496,485,1,1,3,3,2,1,2
-32.745284,-67.173008,477,1,1,3,3,2,1,2
-32.934765,-67.214884,469,1,1,3,3,2,1,2
-33.123841,-67.14509,465,1,1,3,3,2,1,2
-33.076504,-66.927296,589,1,1,3,3,2,1,2
-32.976904,-66.764443,772,1,1,3,3,2,1,2
-32.830286,-66.573671,586,1,1,3,3,2,1,2
-32.66776,-66.410818,695,1,1,3,3,2,1,2
-32.48139,-66.182824,674,1,1,3,3,2,1,2
-32.294633,-65.936217,554,1,1,3,3,2,1,2
-32.044408,-65.847811,409,1,1,3,3,2,1,2
-31.785587,-65.722181,318,1,1,3,3,2,1,2
-31.668714,-65.503493,315,1,1,3,3,2,1,2
-31.574415,-65.242809,1085,1,1,3,3,2,1,2
-31.417576,-64.958979,1499,1,1,3,3,2,1,2
-31.308192,-64.675148,1563,1,1,3,3,2,1,2
-31.341853,-64.316871,497,1,1,3,3,2,1,2
-31.168701,-64.060959,446,1,1,3,3,2,1,2
-31.059028,-63.767823,276,1,1,3,3,2,1,2
-30.949228,-63.55844,167,1,1,3,3,2,1,2
-30.799343,-63.358363,106,1,1,3,3,2,1,2
-30.442727,-63.43281,94,1,1,3,3,2,1,2
-30.139265,-63.390934,107,1,1,3,3,2,1,2
-29.891359,-63.330445,89,1,1,3,3,2,1,2
-29.796389,-63.055921,81,1,1,3,3,2,1,2
-29.822506,-62.883762,79,1,1,3,3,2,1,2
-29.945425,-62.711603,75,1,1,3,3,2,1,2
-29.979563,-62.45569,74,1,1,3,3,2,1,2
-30.010516,-62.262215,74,1,1,3,3,2,1,2
-30.181481,-62.071444,90,1,1,3,3,2,1,2
-30.480434,-61.919418,96,1,1,3,3,2,1,2
-30.514387,-61.60767,93,1,1,3,3,2,1,2
-30.572368,-61.351758,81,1,1,3,3,2,1,2
-30.598279,-61.095845,65,1,1,3,3,2,1,2
-30.600157,-60.830627,52,1,1,3,3,2,1,2
-30.602034,-60.556103,53,1,1,3,3,2,1,2
-30.38741,-60.197826,28,1,1,3,3,2,1,2
-30.228612,-59.913996,23,1,1,3,3,2,1,2
-29.88456,-59.814632,29,1,1,3,3,2,1,2
-29.52648,-59.578159,32,1,1,3,3,2,1,2
-29.217172,-59.384682,35,1,1,3,3,2,1,2
-29.007248,-58.746923,59,1,1,3,3,2,1,2
-28.922414,-58.324139,61,1,1,3,3,2,1,2
-28.862616,-57.844029,75,1,1,3,3,2,1,2
-28.85889,-57.363918,69,1,1,3,3,2,1,2
-28.836726,-56.98413,70,1,1,3,3,2,1,2
-28.739187,-56.633004,64,1,1,3,3,2,1,2
-28.641556,-56.21022,62,1,1,3,3,2,1,2
-28.367432,-55.830431,68,1,1,3,3,2,1,2
-28.414121,-55.808934,82,1,1,3,3,2,1,2
-28.155006,-55.651285,78,1,1,3,3,2,1,2
-27.945916,-55.794602,119,1,1,3,3,2,1,2
-27.720762,-55.902089,170,1,1,3,3,2,1,2
-27.418837,-55.966582,145,1,1,3,3,2,1,2
-27.498121,-56.246049,99,1,1,3,3,2,1,2
-27.5011,-56.539848,75,1,1,3,3,2,1,2
-27.580324,-57.005627,73,1,1,3,3,2,1,2
-27.494347,-57.385416,72,1,1,3,3,2,1,2
-27.370126,-57.707878,53,1,1,3,3,2,1,2
-27.309456,-58.059004,67,1,1,3,3,2,1,2
-27.299706,-58.281144,64,1,1,3,3,2,1,2
-27.302691,-58.531948,59,1,1,3,3,2,1,2
-27.152754,-58.668099,53,1,1,3,3,2,1,2
-26.87485,-58.431627,57,1,1,3,3,2,1,2
-26.542579,-58.256777,58,1,1,3,3,2,1,2
-26.21176,-58.177953,57,1,1,3,3,2,1,2
-26.008871,-57.984475,58,1,1,3,3,2,1,2
-25.741101,-57.790998,57,1,1,3,3,2,1,2
-25.446847,-57.726506,65,1,1,3,3,2,1,2
-25.125923,-57.97731,71,1,1,3,3,2,1,2
-25.077052,-58.271109,78,1,1,3,3,2,1,2
-24.937227,-58.478918,83,1,1,3,3,2,1,2
-24.875279,-58.787048,88,1,1,3,3,2,1,2
-24.722208,-59.037852,98,1,1,3,3,2,1,2
-24.581981,-59.317319,108,1,1,3,3,2,1,2
-24.324117,-59.668445,120,1,1,3,3,2,1,2
-24.144218,-60.005239,132,1,1,3,3,2,1,2
-24.16036,-60.31337,141,1,1,3,3,2,1,2
-23.993325,-60.736154,155,1,1,3,3,2,1,2
-23.734268,-61.101611,166,1,1,3,3,2,1,2
-23.527267,-61.452736,176,1,1,3,3,2,1,2
-23.293615,-61.775199,192,1,1,3,3,2,1,2
-22.967215,-62.126324,217,1,1,3,3,2,1,2
-22.600338,-62.348465,237,1,1,3,3,2,1,2
-22.404834,-62.670927,260,1,1,3,3,2,1,2
-22.116145,-62.979058,293,1,1,3,3,2,1,2
-22.079421,-63.30152,389,1,1,3,3,2,1,2
-22.109092,-63.552324,530,1,1,3,3,2,1,2
-22.118427,-63.846123,753,1,1,3,3,2,1,2
-22.333805,-63.982274,748,1,1,3,3,2,1,2
-22.469412,-64.07543,757,1,1,3,3,2,1,2
-22.647672,-64.233078,415,1,1,3,3,2,1,2
-22.862229,-64.21158,526,1,1,3,3,2,1,2
-23.010506,-64.276073,401,1,1,3,3,2,1,2
-29.818363,-65.788247,350,1,1,3,3,2,1,2
-24.645275,-64.104082,421,1,1,3,3,2,1,2
-25.224839,-64.138642,374,1,1,3,3,2,1,2
-25.820827,-64.076434,317,1,1,3,3,2,1,2
-26.434799,-64.034962,256,1,1,3,3,2,1,2
-27.054944,-64.124818,179,1,1,3,3,2,1,2
-27.598197,-64.33909,237,1,1,3,3,2,1,2
-28.382296,-64.58101,219,1,1,3,3,2,1,2
-28.834181,-64.518802,130,1,1,3,3,2,1,2
-29.537004,-64.636306,142,1,1,3,3,2,1,2
-30.127425,-64.795283,183,1,1,3,3,2,1,2
-30.5359,-65.037203,327,1,1,3,3,2,1,2
-30.252516,-64.26997,837,1,1,3,3,2,1,2
-29.500164,-64.138642,307,1,1,3,3,2,1,2
-28.960126,-64.104082,113,1,1,3,3,2,1,2
-28.368612,-63.972754,136,1,1,3,3,2,1,2
-27.834922,-63.758481,152,1,1,3,3,2,1,2
-27.237156,-63.654801,169,1,1,3,3,2,1,2
-26.648518,-63.551121,203,1,1,3,3,2,1,2
-26.09408,-63.461265,241,1,1,3,3,2,1,2
-25.537003,-63.357585,272,1,1,3,3,2,1,2
-24.964793,-63.295377,270,1,1,3,3,2,1,2
-24.37732,-63.343761,241,1,1,3,3,2,1,2
-23.799754,-63.129488,228,1,1,3,3,2,1,2
-23.257716,-63.094928,233,1,1,3,3,2,1,2
-22.662447,-63.17096,285,1,1,3,3,2,1,2
-23.097536,-62.624165,221,1,1,3,3,2,1,2
-23.46876,-62.326948,203,1,1,3,3,2,1,2
-23.952694,-61.932964,187,1,1,3,3,2,1,2
-24.510312,-62.036644,177,1,1,3,3,2,1,2
-25.165602,-62.320036,195,1,1,3,3,2,1,2
-25.804945,-62.147236,185,1,1,3,3,2,1,2
-26.65109,-62.347684,175,1,1,3,3,2,1,2
-27.15941,-62.451365,160,1,1,3,3,2,1,2
-28.09311,-62.541221,129,1,1,3,3,2,1,2
-28.534087,-62.589605,107,1,1,3,3,2,1,2
-27.619625,-62.677848,146,1,1,3,3,2,1,2
-28.901443,-62.532932,96,1,1,3,3,2,1,2
-29.527739,-62.572455,82,1,1,3,3,2,1,2
-29.807835,-61.768833,80,1,1,3,3,2,1,2
-29.446749,-60.912514,59,1,1,3,3,2,1,2
-29.337345,-59.924454,54,1,1,3,3,2,1,2
-29.411609,-58.962742,46,1,1,3,3,2,1,2
-29.279188,-57.842941,96,1,1,3,3,2,1,2
-28.615963,-57.065667,68,1,1,3,3,2,1,2
-27.878674,-57.605807,68,1,1,3,3,2,1,2
-27.580952,-58.593867,62,1,1,3,3,2,1,2
-27.28242,-59.37114,66,1,1,3,3,2,1,2
-27.123875,-60.227459,83,1,1,3,3,2,1,2
-26.87113,-61.136474,112,1,1,3,3,2,1,2
-26.641373,-61.913748,181,1,1,3,3,2,1,2
-26.45834,-62.87546,200,1,1,3,3,2,1,2
-26.204115,-63.652733,241,1,1,3,3,2,1,2
-25.474548,-62.901808,236,1,1,3,3,2,1,2
-24.572906,-62.256275,188,1,1,3,3,2,1,2
-24.937418,-61.479002,156,1,1,3,3,2,1,2
-25.121322,-60.464593,129,1,1,3,3,2,1,2
-25.412835,-59.740016,109,1,1,3,3,2,1,2
-25.751119,-58.936394,83,1,1,3,3,2,1,2
-26.513612,-58.844175,63,1,1,3,3,2,1,2
-27.107018,-60.3592,85,1,1,3,3,2,1,2
-27.510502,-61.34726,88,1,1,3,3,2,1,2
-27.842641,-62.308972,143,1,1,3,3,2,1,2
-28.405778,-63.217987,118,1,1,3,3,2,1,2
-29.104159,-63.810823,229,1,1,3,3,2,1,2
-29.866403,-64.061132,728,1,1,3,3,2,1,2
-30.395866,-64.258744,922,1,1,3,3,2,1,2
-30.832019,-64.298266,1013,1,1,3,3,2,1,2
-31.288718,-64.390485,946,1,1,3,3,2,1,2
-30.548087,-63.455121,92,1,1,3,3,2,1,2
-29.435276,-63.152116,88,1,1,3,3,2,1,2
-28.310134,-62.743718,115,1,1,3,3,2,1,2
-27.769082,-62.440713,135,1,1,3,3,2,1,2
-27.386468,-61.84129,136,1,1,3,3,2,1,2
-27.014263,-61.255041,108,1,1,3,3,2,1,2
-27.075681,-60.563399,93,1,1,3,3,2,1,2
-26.843584,-59.581927,77,1,1,3,3,2,1,2
-26.292548,-60.155001,95,1,1,3,3,2,1,2
-25.727014,-60.74125,121,1,1,3,3,2,1,2
-25.170701,-61.248454,142,1,1,3,3,2,1,2
-24.67171,-62.11136,180,1,1,3,3,2,1,2
-25.271633,-62.776654,228,1,1,3,3,2,1,2
-25.797461,-63.54734,265,1,1,3,3,2,1,2
-26.356385,-63.962326,258,1,1,3,3,2,1,2
-27.407668,-63.316793,156,1,1,3,3,2,1,2
-27.795671,-62.664674,134,1,1,3,3,2,1,2
-28.414287,-62.012554,88,1,1,3,3,2,1,2
-28.844842,-61.492176,73,1,1,3,3,2,1,2
-29.376995,-60.879579,59,1,1,3,3,2,1,2
-28.815628,-60.596335,59,1,1,3,3,2,1,2
-28.239614,-61.024494,65,1,1,3,3,2,1,2
-27.695472,-62.005967,126,1,1,3,3,2,1,2
-24.066188,-63.497974,235,1,1,3,3,2,1,2
-23.779995,-62.556024,207,1,1,3,3,2,1,2
-23.818982,-61.785337,185,1,1,3,3,2,1,2
-24.24293,-61.080521,156,1,1,3,3,2,1,2
-24.617572,-60.402053,131,1,1,3,3,2,1,2
-25.003036,-59.881675,114,1,1,3,3,2,1,2
-25.446789,-59.255904,97,1,1,3,3,2,1,2
-25.722868,-58.709177,81,1,1,3,3,2,1,2
-26.25852,-58.900202,72,1,1,3,3,2,1,2
-32.568762,-70.113057,4339,2,2,3,2,2,1,3
-32.441443,-70.071797,3958,2,2,3,2,2,1,3
-32.33261,-70.036211,3218,2,2,3,2,2,1,3
-32.21889,-69.995547,4217,2,2,3,2,2,1,3
-32.088755,-69.955419,4605,2,2,3,2,2,1,3
-31.94041,-69.947371,3530,2,2,3,2,2,1,3
-31.794783,-69.92084,4426,2,2,3,2,2,1,3
-31.645654,-69.905276,4454,2,2,3,2,2,1,3
-31.49614,-69.900735,4208,2,2,3,2,2,1,3
-31.34011,-69.896081,3688,2,2,3,2,2,1,3
-31.191207,-69.863994,4425,2,2,3,2,2,1,3
-31.041066,-69.852104,4288,2,2,3,2,2,1,3
-30.894083,-69.821898,2765,2,2,3,2,2,1,3
-30.746972,-69.784344,3279,2,2,3,2,2,1,3
-30.596814,-69.72101,4869,2,2,3,2,2,1,3
-30.440087,-69.657564,4510,2,2,3,2,2,1,3
-30.283303,-69.57942,3402,2,2,3,2,2,1,3
-30.12974,-69.479285,2881,2,2,3,2,2,1,3
-29.979219,-69.371857,2549,2,2,3,2,2,1,3
-29.824987,-69.286421,2910,2,2,3,2,2,1,3
-29.677344,-69.168026,2838,2,2,3,2,2,1,3
-29.538928,-69.060825,3998,2,2,3,2,2,1,3
-29.444687,-68.987487,4034,2,2,3,2,2,1,3
-29.288695,-68.971866,3971,2,2,3,2,2,1,3
-29.151919,-68.941887,4290,2,2,3,2,2,1,3
-29.01155,-68.926549,3985,2,2,3,2,2,1,3
-28.877226,-68.926022,3650,2,2,3,2,2,1,3
-28.736781,-68.888637,3916,2,2,3,2,2,1,3
-28.625329,-68.840738,4060,2,2,3,2,2,1,3
-28.510679,-68.781759,3444,2,2,3,2,2,1,3
-28.372975,-68.74443,4037,2,2,3,2,2,1,3
-28.835078,-68.917751,3860,2,2,3,2,2,1,3
-28.769204,-68.790462,3092,2,2,3,2,2,1,3
-28.728084,-68.671571,2701,2,2,3,2,2,1,3
-28.705344,-68.576064,2229,2,2,3,2,2,1,3
-28.656835,-68.44878,1921,2,2,3,2,2,1,3
-28.583741,-68.327091,1900,2,2,3,2,2,1,3
-28.527803,-68.202604,2393,2,2,3,2,2,1,3
-28.471834,-68.100497,2189,2,2,3,2,2,1,3
-28.418297,-68.026365,2136,2,2,3,2,2,1,3
-28.394267,-67.924258,2600,2,2,3,2,2,1,3
-28.340691,-67.819354,3294,2,2,3,2,2,1,3
-28.227145,-67.666129,1412,2,2,3,2,2,1,3
-28.092286,-67.468647,1182,2,2,3,2,2,1,3
-27.942051,-67.270597,1464,2,2,3,2,2,1,3
-27.711703,-67.02361,1154,2,2,3,2,2,1,3
-27.557534,-66.767992,1704,2,2,3,2,2,1,3
-27.457318,-66.577575,1942,2,2,3,2,2,1,3
-27.341722,-66.386589,3089,2,2,3,2,2,1,3
-27.298254,-66.169568,4913,2,2,3,2,2,1,3
-27.135363,-66.017042,4602,2,2,3,2,2,1,3
-26.97139,-65.893204,4580,2,2,3,2,2,1,3
-26.759047,-65.836515,3791,2,2,3,2,2,1,3
-26.540325,-65.808326,2606,2,2,3,2,2,1,3
-26.327857,-65.728686,3152,2,2,3,2,2,1,3
-26.130238,-65.71089,3101,2,2,3,2,2,1,3
-25.9184,-65.643274,2540,2,2,3,2,2,1,3
-25.674391,-65.60868,1740,2,2,3,2,2,1,3
-25.4196,-65.57371,1191,2,2,3,2,2,1,3
-25.179382,-65.550688,1893,2,2,3,2,2,1,3
-24.928538,-65.521597,1300,2,2,3,2,2,1,3
-24.674477,-65.516624,1991,2,2,3,2,2,1,3
-24.438497,-65.476715,2961,2,2,3,2,2,1,3
-24.195682,-65.476459,1965,2,2,3,2,2,1,3
-23.948234,-65.441865,2694,2,2,3,2,2,1,3
-23.701515,-65.367429,4280,2,2,3,2,2,1,3
-23.473324,-65.293941,3267,2,2,3,2,2,1,3
-23.240191,-65.259911,3264,2,2,3,2,2,1,3
-22.990932,-65.225317,4500,2,2,3,2,2,1,3
-22.817847,-65.261843,3926,2,2,3,2,2,1,3
-22.602512,-65.296865,4506,2,2,3,2,2,1,3
-22.393146,-65.297925,4079,2,2,3,2,2,1,3
-22.180109,-65.23619,4414,2,2,3,2,2,1,3
-22.123143,-65.413639,3577,2,2,3,2,2,1,3
-22.113619,-65.592782,3458,2,2,3,2,2,1,3
-22.086183,-65.839659,3689,2,2,3,2,2,1,3
-21.975711,-66.037996,3791,2,2,3,2,2,1,3
-21.965654,-66.234213,4185,2,2,3,2,2,1,3
-22.102582,-66.287525,3859,2,2,3,2,2,1,3
-22.18917,-66.43021,3874,2,2,3,2,2,1,3
-22.228121,-66.576895,4476,2,2,3,2,2,1,3
-22.277421,-66.729647,4782,2,2,3,2,2,1,3
-22.446308,-66.761321,4981,2,2,3,2,2,1,3
-22.553536,-66.91045,4448,2,2,3,2,2,1,3
-22.75727,-66.994665,4837,2,2,3,2,2,1,3
-23.037511,-66.967679,4869,2,2,3,2,2,1,3
-23.124863,-67.002372,4278,2,2,3,2,2,1,3
-23.28173,-67.050744,4153,2,2,3,2,2,1,3
-23.469741,-67.100245,4263,2,2,3,2,2,1,3
-23.642016,-67.14349,4377,2,2,3,2,2,1,3
-23.802961,-67.209125,4147,2,2,3,2,2,1,3
-23.97931,-67.275324,4494,2,2,3,2,2,1,3
-24.181599,-67.507709,3509,2,2,3,2,2,1,3
-24.278132,-67.793249,4638,2,2,3,2,2,1,3
-24.351751,-67.9754,4070,2,2,3,2,2,1,3
-24.429996,-68.174814,3975,2,2,3,2,2,1,3
-24.597057,-68.348966,4861,2,2,3,2,2,1,3
-24.880955,-68.413423,4411,2,2,3,2,2,1,3
-25.070715,-68.326324,4662,2,2,3,2,2,1,3
-25.371207,-68.48829,4953,2,2,3,2,2,1,3
-25.682693,-68.428471,4392,2,2,3,2,2,1,3
-25.93674,-68.377967,4730,2,2,3,2,2,1,3
-26.195516,-68.321959,5034,2,2,3,2,2,1,3
-26.487577,-68.500812,5404,2,2,3,2,2,1,3
-26.716641,-68.375377,4802,2,2,3,2,2,1,3
-26.940841,-68.226987,4690,2,2,3,2,2,1,3
-27.163485,-68.442756,5514,2,2,3,2,2,1,3
-27.381208,-68.829755,4764,2,2,3,2,2,1,3
-27.725319,-69.02206,4741,2,2,3,2,2,1,3
-27.9804,-69.125605,4584,2,2,3,2,2,1,3
-28.285718,-69.379202,4425,2,2,3,2,2,1,3
-28.467132,-69.559798,4517,2,2,3,2,2,1,3
-28.705309,-69.668471,4389,2,2,3,2,2,1,3
-29.08379,-69.731185,4239,2,2,3,2,2,1,3
-29.433812,-69.872641,3889,2,2,3,2,2,1,3
-29.694774,-69.799934,4417,2,2,3,2,2,1,3
-30.11137,-69.821509,4624,2,2,3,2,2,1,3
-30.502957,-69.899386,3947,2,2,3,2,2,1,3
-30.765314,-70.208999,3963,2,2,3,2,2,1,3
-31.041038,-70.19394,3449,2,2,3,2,2,1,3
-31.298988,-70.434973,3324,2,2,3,2,2,1,3
-31.596156,-70.46645,3632,2,2,3,2,2,1,3
-31.929879,-70.196995,4549,2,2,3,2,2,1,3
-32.283507,-70.207935,3631,2,2,3,2,2,1,3
-32.619891,-70.098436,4654,2,2,3,2,2,1,3
-31.654299,-69.447825,1790,2,2,3,2,2,1,3
-31.805322,-69.844663,3857,2,2,3,2,2,1,3
-31.167384,-69.263654,2480,2,2,3,2,2,1,3
-30.691958,-69.656227,3587,2,2,3,2,2,1,3
-30.262624,-69.402498,2409,2,2,3,2,2,1,3
-29.79857,-68.892888,3386,2,2,3,2,2,1,3
-28.965534,-68.659447,3177,2,2,3,2,2,1,3
-29.112499,-68.207821,1329,2,2,3,2,2,1,3
-28.847284,-67.37932,1078,2,2,3,2,2,1,3
-28.406462,-68.65906,3638,2,2,3,2,2,1,3
-27.924079,-67.0173,1032,2,2,3,2,2,1,3
-27.457355,-67.989476,3880,2,2,3,2,2,1,3
-27.277202,-67.002011,2186,2,2,3,2,2,1,3
-26.793576,-67.753755,4362,2,2,3,2,2,1,3
-26.608856,-66.734072,3871,2,2,3,2,2,1,3
-26.167505,-67.705733,3989,2,2,3,2,2,1,3
-25.959716,-66.731649,4421,2,2,3,2,2,1,3
-25.62601,-66.009113,2048,2,2,3,2,2,1,3
-24.916432,-67.771397,3471,2,2,3,2,2,1,3
-24.4725,-67.22863,4369,2,2,3,2,2,1,3
-24.196445,-66.321624,3769,2,2,3,2,2,1,3
-23.904333,-65.576097,4067,2,2,3,2,2,1,3
-23.414103,-66.443838,3812,2,2,3,2,2,1,3
-23.137637,-65.826251,3516,2,2,3,2,2,1,3
-23.590881,-65.327513,4141,2,2,3,2,2,1,3
-25.043673,-65.848937,4491,2,2,3,2,2,1,3
-25.545371,-66.301301,2919,2,2,3,2,2,1,3
-26.189534,-66.434906,4360,2,2,3,2,2,1,3
-26.703147,-67.721229,4048,2,2,3,2,2,1,3
-27.110793,-67.279152,3939,2,2,3,2,2,1,3
-27.870885,-68.401218,4484,2,2,3,2,2,1,3
-28.385757,-67.627676,1629,2,2,3,2,2,1,3
-28.345664,-66.63658,1052,2,2,3,2,2,1,3
-28.674169,-67.314445,1377,2,2,3,2,2,1,3
-28.781137,-68.608994,2465,2,2,3,2,2,1,3
-29.342678,-69.214713,3232,2,2,3,2,2,1,3
-29.886457,-68.581437,1952,2,2,3,2,2,1,3
-30.190043,-67.858064,1423,2,2,3,2,2,1,3
-30.385797,-68.785699,1217,2,2,3,2,2,1,3
-30.606653,-69.517552,3419,2,2,3,2,2,1,3
-31.121683,-70.006128,3941,2,2,3,2,2,1,3
-31.789826,-69.852605,4509,2,2,3,2,2,1,3
-31.421615,-69.357994,1969,2,2,3,2,2,1,3
-30.937202,-69.691214,3169,2,2,3,2,2,1,3
-28.648611,-68.503392,2074,2,2,3,2,2,1,3
-28.887841,-68.032081,2348,2,2,3,2,2,1,3
-27.306757,-67.365221,3501,2,2,3,2,2,1,3
-26.244602,-67.725224,4213,2,2,3,2,2,1,3
-25.834597,-66.90574,4635,2,2,3,2,2,1,3
-24.836592,-67.129682,4063,2,2,3,2,2,1,3
-24.187881,-66.371168,3971,2,2,3,2,2,1,3
-24.601768,-66.010022,4041,2,2,3,2,2,1,3
-25.37363,-66.240704,2134,2,2,3,2,2,1,3
-26.175838,-66.333793,3910,2,2,3,2,2,1,3
-26.749585,-66.985758,3594,2,2,3,2,2,1,3
-27.632395,-66.804426,1315,2,2,3,2,2,1,3
-27.811925,-67.75442,2071,2,2,3,2,2,1,3
-28.131946,-67.378657,1392,2,2,3,2,2,1,3
-28.859603,-67.272908,2224,2,2,3,2,2,1,3
-28.764638,-68.883922,3938,2,2,3,2,2,1,3
-29.468848,-69.03256,4238,2,2,3,2,2,1,3
-29.256087,-67.74555,2818,2,2,3,2,2,1,3
-28.406787,-68.795705,4510,2,2,3,2,2,1,3
-28.888395,-69.433053,3940,2,2,3,2,2,1,3
-27.080898,-68.063334,4035,2,2,3,2,2,1,3
-26.837929,-66.937422,3461,2,2,3,2,2,1,3
-25.834637,-67.623821,4393,2,2,3,2,2,1,3
-27.672165,-66.887406,1147,2,2,3,2,2,1,3
-27.73719,-68.249796,3773,2,2,3,2,2,1,3
-28.74982,-68.57134,2180,2,2,3,2,2,1,3
-29.680537,-69.306807,3469,2,2,3,2,2,1,3
-30.556149,-69.57752,3488,2,2,3,2,2,1,3
-31.344971,-69.845178,3152,2,2,3,2,2,1,3
-31.864114,-70.044716,3175,2,2,3,2,2,1,3
-29.945123,-69.477286,3463,2,2,3,2,2,1,3
-29.777394,-68.614072,2152,2,2,3,2,2,1,3
-29.396447,-68.292884,1250,2,2,3,2,2,1,3
-28.913851,-68.986438,3394,2,2,3,2,2,1,3
-28.813197,-67.99305,2377,2,2,3,2,2,1,3
-28.36858,-68.688132,4073,2,2,3,2,2,1,3
-28.23382,-67.797653,2703,2,2,3,2,2,1,3
-27.240082,-67.882088,3261,2,2,3,2,2,1,3
-26.19933,-67.84938,3921,2,2,3,2,2,1,3
-26.412705,-66.682467,3739,2,2,3,2,2,1,3
-25.010661,-67.273421,3604,2,2,3,2,2,1,3
-24.403678,-66.909909,4325,2,2,3,2,2,1,3
-23.517884,-66.613547,4318,2,2,3,2,2,1,3
-22.844922,-66.43311,4517,2,2,3,2,2,1,3
-22.720549,-65.693695,3496,2,2,3,2,2,1,3
-23.207275,-65.890558,3406,2,2,3,2,2,1,3
-23.762733,-65.858483,3425,2,2,3,2,2,1,3
-24.893027,-66.229328,3566,2,2,3,2,2,1,3
-25.66299,-67.513256,4330,2,2,3,2,2,1,3
-26.018171,-66.860779,4801,2,2,3,2,2,1,3
-26.713688,-66.568136,4206,2,2,3,2,2,1,3
-27.353651,-66.273583,4083,2,2,3,2,2,1,3
-27.829304,-67.008912,1073,2,2,3,2,2,1,3
-28.417284,-67.58071,1387,2,2,3,2,2,1,3
-28.956459,-67.977175,2819,2,2,3,2,2,1,3
-28.928998,-67.33956,1020,2,2,3,2,2,1,3
-29.246854,-69.024043,3544,2,2,3,2,2,1,3
-29.987164,-69.254724,2112,2,2,3,2,2,1,3
-30.796225,-69.673446,4987,2,2,3,2,2,1,3
-30.727569,-69.699742,3283,2,2,3,2,2,1,3
-31.27617,-70.027602,4263,2,2,3,2,2,1,3
-30.221007,-69.437267,2591,2,2,3,2,2,1,3
-29.354564,-69.259606,3368,2,2,3,2,2,1,3
-28.562292,-69.07344,3929,2,2,3,2,2,1,3
-28.105718,-68.390789,4241,2,2,3,2,2,1,3
-27.3554,-67.963475,3793,2,2,3,2,2,1,3
-26.137342,-67.993643,3327,2,2,3,2,2,1,3
-25.972799,-66.963279,5113,2,2,3,2,2,1,3
-25.831684,-66.188415,3152,2,2,3,2,2,1,3
-26.485157,-67.005297,5103,2,2,3,2,2,1,3
-26.74839,-67.634242,3947,2,2,3,2,2,1,3
-26.890723,-66.742514,3078,2,2,3,2,2,1,3
-26.509262,-66.086042,2613,2,2,3,2,2,1,3
-25.760621,-66.886044,4512,2,2,3,2,2,1,3
-25.568614,-67.810726,4982,2,2,3,2,2,1,3
-38.681855,-62.353546,12,2,1,1,3,2,2,4
-38.597939,-62.493938,78,2,1,1,3,2,2,4
-38.506697,-62.641585,103,2,1,1,3,2,2,4
-38.389963,-62.832618,141,2,1,1,3,2,2,4
-38.289835,-62.993086,199,2,1,1,3,2,2,4
-38.187167,-63.135214,209,2,1,1,3,2,2,4
-38.081948,-63.359868,175,2,1,1,3,2,2,4
-37.974168,-63.584523,164,2,1,1,3,2,2,4
-37.863816,-63.781669,152,2,1,1,3,2,2,4
-37.767798,-64.003267,152,2,1,1,3,2,2,4
-37.647457,-64.145395,218,2,1,1,3,2,2,4
-37.53177,-64.28141,236,2,1,1,3,2,2,4
-37.328456,-64.273769,166,2,1,1,3,2,2,4
-37.097779,-64.284467,208,2,1,1,3,2,2,4
-36.907957,-64.279882,151,2,1,1,3,2,2,4
-36.715211,-64.272241,178,2,1,1,3,2,2,4
-36.450714,-64.270713,186,2,1,1,3,2,2,4
-36.19518,-64.275297,167,2,1,1,3,2,2,4
-35.841669,-64.43609,213,2,1,1,3,2,2,4
-35.703376,-64.639349,208,2,1,1,3,2,2,4
-35.624494,-64.824269,247,2,1,1,3,2,2,4
-35.533097,-64.975567,290,2,1,1,3,2,2,4
-35.409218,-65.025999,306,2,1,1,3,2,2,4
-35.167798,-65.094771,286,2,1,1,3,2,2,4
-34.915634,-65.111582,280,2,1,1,3,2,2,4
-34.723137,-65.107198,291,2,1,1,3,2,2,4
-34.614151,-64.971507,275,2,1,1,3,2,2,4
-34.500143,-64.854581,264,2,1,1,3,2,2,4
-34.37865,-64.711014,258,2,1,1,3,2,2,4
-34.259426,-64.597048,256,2,1,1,3,2,2,4
-34.105727,-64.509723,251,2,1,1,3,2,2,4
-33.946836,-64.392797,241,2,1,1,3,2,2,4
-33.916839,-64.232495,210,2,1,1,3,2,2,4
-33.880029,-64.080819,206,2,1,1,3,2,2,4
-33.840708,-63.911123,189,2,1,1,3,2,2,4
-33.801369,-63.759869,170,2,1,1,3,2,2,4
-33.762012,-63.560138,143,2,1,1,3,2,2,4
-33.74262,-63.339382,129,2,1,1,3,2,2,4
-33.733214,-63.088591,127,2,1,1,3,2,2,4
-33.711317,-62.912888,130,2,1,1,3,2,2,4
-33.69941,-62.713156,130,2,1,1,3,2,2,4
-33.70999,-62.510421,115,2,1,1,3,2,2,4
-33.70308,-62.33883,121,2,1,1,3,2,2,4
-33.698668,-62.169133,120,2,1,1,3,2,2,4
-33.731731,-61.981416,114,2,1,1,3,2,2,4
-33.637177,-61.806054,112,2,1,1,3,2,2,4
-33.542689,-61.651374,108,2,1,1,3,2,2,4
-33.440579,-61.499699,104,2,1,1,3,2,2,4
-33.305723,-61.408092,93,2,1,1,3,2,2,4
-33.198308,-61.283448,92,2,1,1,3,2,2,4
-33.073145,-61.170818,79,2,1,1,3,2,2,4
-33.033457,-60.947058,55,2,1,1,3,2,2,4
-32.973595,-60.702275,33,2,1,1,3,2,2,4
-32.863251,-60.580634,10,2,1,1,3,2,2,4
-32.7755,-60.419947,9,2,1,1,3,2,2,4
-32.682606,-60.265268,10,2,1,1,3,2,2,4
-32.599738,-60.095571,30,2,1,1,3,2,2,4
-32.481329,-59.937889,82,2,1,1,3,2,2,4
-32.393202,-59.777202,39,2,1,1,3,2,2,4
-32.403941,-59.595492,72,2,1,1,3,2,2,4
-32.38171,-59.413781,63,2,1,1,3,2,2,4
-32.356937,-59.268112,53,2,1,1,3,2,2,4
-32.319467,-59.071384,29,2,1,1,3,2,2,4
-32.353052,-58.904691,53,2,1,1,3,2,2,4
-32.318118,-58.765029,50,2,1,1,3,2,2,4
-32.316175,-58.580315,36,2,1,1,3,2,2,4
-32.314231,-58.407615,33,2,1,1,3,2,2,4
-32.312288,-58.261946,25,2,1,1,3,2,2,4
32.317959,-58.110271,10,2,1,1,3,2,2,4
-32.432702,-58.210887,9,2,1,1,3,2,2,4
-32.547298,-58.245427,8,2,1,1,3,2,2,4
-32.669334,-58.231912,15,2,1,1,3,2,2,4
-32.818972,-58.206382,9,2,1,1,3,2,2,4
-32.935595,-58.183856,7,2,1,1,3,2,2,4
-33.036958,-58.260445,20,2,1,1,3,2,2,4
-33.057689,-58.418127,7,2,1,1,3,2,2,4
-33.171483,-58.470688,11,2,1,1,3,2,2,4
-33.320273,-58.502225,16,2,1,1,3,2,2,4
-33.468809,-58.569803,7,2,1,1,3,2,2,4
-33.639599,-58.607347,5,2,1,1,3,2,2,4
-33.785092,-58.584821,6,2,1,1,3,2,2,4
-33.975183,-58.583319,5,2,1,1,3,2,2,4
-34.159879,-58.653901,7,2,1,1,3,2,2,4
-34.336732,-58.67943,6,2,1,1,3,2,2,4
-34.503313,-58.503727,27,2,1,1,3,2,2,4
-34.60284,-58.409117,32,2,1,1,3,2,2,4
-34.684961,-58.323518,10,2,1,1,3,2,2,4
-34.781803,-58.171842,10,2,1,1,3,2,2,4
-34.829237,-58.047198,7,2,1,1,3,2,2,4
-34.893891,-57.931564,9,2,1,1,3,2,2,4
-34.946185,-57.798308,6,2,1,1,3,2,2,4
-35.020586,-57.655643,6,2,1,1,3,2,2,4
-35.144054,-57.458915,12,2,1,1,3,2,2,4
-35.289401,-57.322257,7,2,1,1,3,2,2,4
-35.414909,-57.218637,11,2,1,1,3,2,2,4
-35.55244,-57.24717,5,2,1,1,3,2,2,4
-35.738508,-57.395842,6,2,1,1,3,2,2,4
-35.907116,-57.460417,6,2,1,1,3,2,2,4
-36.087501,-57.383828,5,2,1,1,3,2,2,4
-36.219027,-57.259184,4,2,1,1,3,2,2,4
-36.343074,-57.107508,4,2,1,1,3,2,2,4
-36.419734,-56.91979,3,2,1,1,3,2,2,4
-36.504845,-56.744087,5,2,1,1,3,2,2,4
-36.652537,-56.796647,5,2,1,1,3,2,2,4
-36.843223,-56.7561,6,2,1,1,3,2,2,4
-37.004658,-56.808661,11,2,1,1,3,2,2,4
-37.105892,-56.888254,12,2,1,1,3,2,2,4
-37.26916,-57.021909,12,2,1,1,3,2,2,4
-37.391519,-57.104504,14,2,1,1,3,2,2,4
-37.501766,-57.205121,10,2,1,1,3,2,2,4
-37.510589,-57.28171,5,2,1,1,3,2,2,4
-37.680111,-57.466424,6,2,1,1,3,2,2,4
-37.880071,-57.546016,16,2,1,1,3,2,2,4
-38.02036,-57.583559,24,2,1,1,3,2,2,4
-38.150935,-57.663152,27,2,1,1,3,2,2,4
-38.283633,-57.865887,26,2,1,1,3,2,2,4
-38.387845,-58.128691,30,2,1,1,3,2,2,4
-38.473098,-58.385489,20,2,1,1,3,2,2,4
-38.544157,-58.663311,13,2,1,1,3,2,2,4
-38.633917,-58.983181,14,2,1,1,3,2,2,4
-38.690753,-59.306056,17,2,1,1,3,2,2,4
-38.773305,-59.770093,19,2,1,1,3,2,2,4
-38.837049,-60.144027,16,2,1,1,3,2,2,4
-38.90541,-60.611068,20,2,1,1,3,2,2,4
-38.957359,-61.09613,10,2,1,1,3,2,2,4
-38.969583,-61.494091,12,2,1,1,3,2,2,4
-38.935095,-61.825976,14,2,1,1,3,2,2,4
-38.837451,-62.106801,5,2,1,1,3,2,2,4
-38.737331,-62.273495,19,2,1,1,3,2,2,4
-37.833209,-62.514657,292,2,1,1,3,2,2,4
-37.862537,-61.544318,291,2,1,1,3,2,2,4
-38.000521,-60.459146,181,2,1,1,3,2,2,4
-37.848654,-59.477324,173,2,1,1,3,2,2,4
-37.496305,-58.908901,178,2,1,1,3,2,2,4
-37.178893,-58.007462,36,2,1,1,3,2,2,4
-36.749808,-58.817034,70,2,1,1,3,2,2,4
-36.46621,-59.856273,99,2,1,1,3,2,2,4
-36.671271,-61.125178,113,2,1,1,3,2,2,4
-36.590493,-62.474466,118,2,1,1,3,2,2,4
-35.898073,-62.549107,85,2,1,1,3,2,2,4
-35.50861,-61.911784,86,2,1,1,3,2,2,4
-35.1642,-60.964412,65,2,1,1,3,2,2,4
-34.884292,-60.143356,52,2,1,1,3,2,2,4
-34.489925,-61.320394,83,2,1,1,3,2,2,4
-34.21722,-62.462982,117,2,1,1,3,2,2,4
-33.953154,-61.423744,99,2,1,1,3,2,2,4
-33.477803,-60.568238,56,2,1,1,3,2,2,4
-33.165652,-59.293591,15,2,1,1,3,2,2,4
-34.137804,-59.620865,45,2,1,1,3,2,2,4
-34.60446,-59.77589,49,2,1,1,3,2,2,4
-34.639454,-60.344313,67,2,1,1,3,2,2,4
-35.122092,-60.292638,54,2,1,1,3,2,2,4
-35.499116,-61.182594,78,2,1,1,3,2,2,4
-36.190114,-61.567285,101,2,1,1,3,2,2,4
-36.192287,-60.47063,78,2,1,1,3,2,2,4
-36.388828,-59.431391,69,2,1,1,3,2,2,4
-36.695445,-59.896465,125,2,1,1,3,2,2,4
-37.220625,-60.028523,239,2,1,1,3,2,2,4
-37.5057,-60.665846,217,2,1,1,3,2,2,4
-37.64435,-61.165369,211,2,1,1,3,2,2,4
-37.345826,-62.066808,215,2,1,1,3,2,2,4
-36.936046,-61.360585,141,2,1,1,3,2,2,4
-37.614367,-60.505079,213,2,1,1,3,2,2,4
-37.997552,-60.304122,192,2,1,1,3,2,2,4
-37.981572,-59.471582,151,2,1,1,3,2,2,4
-37.802451,-58.684976,160,2,1,1,3,2,2,4
-37.468114,-58.151003,57,2,1,1,3,2,2,4
-36.903053,-57.961528,17,2,1,1,3,2,2,4
-36.5278,-57.634254,6,2,1,1,3,2,2,4
-35.927864,-57.846695,10,2,1,1,3,2,2,4
-35.295228,-58.231386,18,2,1,1,3,2,2,4
-34.893416,-58.903159,31,2,1,1,3,2,2,4
-34.451762,-59.448616,46,2,1,1,3,2,2,4
-34.007759,-59.948139,44,2,1,1,3,2,2,4
-33.628379,-60.447663,56,2,1,1,3,2,2,4
-33.73573,-61.303169,102,2,1,1,3,2,2,4
-33.928742,-62.204608,119,2,1,1,3,2,2,4
-34.434449,-62.669682,114,2,1,1,3,2,2,4
-34.616421,-63.261072,132,2,1,1,3,2,2,4
-34.995782,-63.588346,127,2,1,1,3,2,2,4
-35.616474,-63.559637,120,2,1,1,3,2,2,4
-36.139705,-63.002697,103,2,1,1,3,2,2,4
-36.391861,-62.112742,108,2,1,1,3,2,2,4
-35.958369,-61.590251,88,2,1,1,3,2,2,4
-35.494441,-61.366327,81,2,1,1,3,2,2,4
-35.037221,-60.568238,63,2,1,1,3,2,2,4
-35.349102,-59.919431,46,2,1,1,3,2,2,4
-35.631789,-59.534741,33,2,1,1,3,2,2,4
-36.043576,-60.149097,59,2,1,1,3,2,2,4
-36.342305,-60.82087,93,2,1,1,3,2,2,4
-36.658318,-61.458193,111,2,1,1,3,2,2,4
-37.393881,-61.268719,187,2,1,1,3,2,2,4
-37.641935,-60.551013,208,2,1,1,3,2,2,4
-37.961629,-59.798857,178,2,1,1,3,2,2,4
-37.91847,-59.173017,143,2,1,1,3,2,2,4
-37.502711,-58.73091,134,2,1,1,3,2,2,4
-37.786713,-59.506032,185,2,1,1,3,2,2,4
-37.897659,-60.453405,197,2,1,1,3,2,2,4
-37.636536,-61.527093,239,2,1,1,3,2,2,4
-36.870907,-61.314652,127,2,1,1,3,2,2,4
-36.753546,-62.032358,117,2,1,1,3,2,2,4
-36.51612,-62.773031,118,2,1,1,3,2,2,4
-36.074037,-62.009392,90,2,1,1,3,2,2,4
-35.74138,-61.165369,82,2,1,1,3,2,2,4
-35.294936,-60.091681,51,2,1,1,3,2,2,4
-34.949616,-60.82087,69,2,1,1,3,2,2,4
-34.574474,-61.595993,93,2,1,1,3,2,2,4
-34.121615,-60.82087,78,2,1,1,3,2,2,4
-34.123843,-62.262024,116,2,1,1,3,2,2,4
-34.5761,-62.830448,120,2,1,1,3,2,2,4
-35.312507,-62.905089,105,2,1,1,3,2,2,4
-35.669988,-62.520399,89,2,1,1,3,2,2,4
-36.294741,-62.124225,102,2,1,1,3,2,2,4
-36.868611,-62.784515,125,2,1,1,3,2,2,4
-37.647618,-62.859156,237,2,1,1,3,2,2,4
-37.795079,-61.877334,353,2,1,1,3,2,2,4
-38.177326,-60.998861,177,2,1,1,3,2,2,4
-38.116227,-60.212255,169,2,1,1,3,2,2,4
-37.236769,-61.194078,173,2,1,1,3,2,2,4
-36.743625,-62.279249,120,2,1,1,3,2,2,4
-35.754923,-62.307958,85,2,1,1,3,2,2,4
-34.989315,-61.521352,84,2,1,1,3,2,2,4
-34.576543,-61.044795,78,2,1,1,3,2,2,4
-34.10468,-60.44192,77,2,1,1,3,2,2,4
-35.108736,-59.999814,46,2,1,1,3,2,2,4
-35.905486,-59.259141,31,2,1,1,3,2,2,4
-35.833222,-60.642879,71,2,1,1,3,2,2,4
-36.576662,-61.521352,111,2,1,1,3,2,2,4
-37.659267,-62.69839,293,2,1,1,3,2,2,4
-37.287749,-63.519446,126,2,1,1,3,2,2,4
-35.967228,-63.823753,135,2,1,1,3,2,2,4
-34.878564,-63.856547,138,2,1,1,3,2,2,4
-33.809422,-63.127357,130,2,1,1,3,2,2,4
-33.54409,-62.157018,119,2,1,1,3,2,2,4
-33.469734,-61.198163,95,2,1,1,3,2,2,4
-33.98769,-60.629739,77,2,1,1,3,2,2,4
-34.445708,-60.509165,71,2,1,1,3,2,2,4
-34.106328,-59.791458,43,2,1,1,3,2,2,4
-33.689176,-59.360835,7,2,1,1,3,2,2,4
-33.337172,-59.056527,7,2,1,1,3,2,2,4
-32.602136,-58.775186,49,2,1,1,3,2,2,4
-32.701087,-59.573276,56,2,1,1,3,2,2,4
-32.906043,-60.015383,10,2,1,1,3,2,2,4
-33.216267,-60.813472,67,2,1,1,3,2,2,4
-33.563678,-61.450795,99,2,1,1,3,2,2,4
-34.100088,-61.973286,108,2,1,1,3,2,2,4
-34.793588,-61.990511,101,2,1,1,3,2,2,4
-35.340919,-61.755103,88,2,1,1,3,2,2,4
-35.977551,-62.013477,86,2,1,1,3,2,2,4
-36.544536,-62.558934,117,2,1,1,3,2,2,4
-36.482093,-61.623045,112,2,1,1,3,2,2,4
-36.401117,-60.641223,95,2,1,1,3,2,2,4
-36.375551,-59.670884,84,2,1,1,3,2,2,4
-36.40545,-58.757961,42,2,1,1,3,2,2,4
-36.379885,-57.787623,9,2,1,1,3,2,2,4
-36.326562,-57.230682,3,2,1,1,3,2,2,4
-40.712985,-65.009392,12,2,1,1,3,1,2,5
-40.753714,-65.305811,167,2,1,1,3,1,2,5
-40.797277,-65.639991,184,2,1,1,3,1,2,5
-40.800805,-66.00438,224,2,1,1,3,1,2,5
-40.752865,-66.448065,299,2,1,1,3,1,2,5
-40.693439,-66.876647,432,2,1,1,3,1,2,5
-40.711285,-67.320332,633,2,1,1,3,1,2,5
-40.700506,-67.748914,735,2,1,1,3,1,2,5
-40.706902,-68.234136,973,2,1,1,3,1,2,5
-40.784814,-68.794878,1404,2,1,1,3,1,2,5
-40.911164,-69.336741,1004,2,1,1,3,1,2,5
-41.020182,-69.731338,1124,2,1,1,3,1,2,5
-41.083496,-70.201456,990,2,1,1,3,1,2,5
-41.13253,-70.724438,978,2,1,1,3,1,2,5
-41.136041,-71.220988,862,2,1,1,3,1,2,5
-41.162297,-71.604257,1538,2,1,1,3,1,2,5
-41.222634,-71.847812,1409,2,1,1,3,1,2,5
-41.399152,-71.845924,1284,2,1,1,3,1,2,5
-41.55824,-71.794948,1133,2,1,1,3,1,2,5
-41.7113,-71.762851,1299,2,1,1,3,1,2,5
-41.908975,-71.734531,1479,2,1,1,3,1,2,5
-42.078675,-71.689218,1185,2,1,1,3,1,2,5
-42.191339,-71.827044,1253,2,1,1,3,1,2,5
-42.43771,-71.961094,1096,2,1,1,3,1,2,5
-42.663682,-72.053607,1410,2,1,1,3,1,2,5
-42.902667,-72.02151,1387,2,1,1,3,1,2,5
-43.071809,-71.883685,1149,2,1,1,3,1,2,5
-43.207466,-71.685442,810,2,1,1,3,1,2,5
-43.378512,-71.717539,1384,2,1,1,3,1,2,5
-43.60443,-71.642018,876,2,1,1,3,1,2,5
-43.864266,-71.572161,979,2,1,1,3,1,2,5
-44.122974,-71.615585,798,2,1,1,3,1,2,5
-44.340059,-71.37203,1061,2,1,1,3,1,2,5
-44.459399,-71.071835,995,2,1,1,3,1,2,5
-44.69135,-71.088827,1274,2,1,1,3,1,2,5
-44.847464,-71.256861,1190,2,1,1,3,1,2,5
-45.250921,-71.285181,913,2,1,1,3,1,2,5
-45.537917,-71.426783,830,2,1,1,3,1,2,5
-45.836611,-71.617473,727,2,1,1,3,1,2,5
-46.065634,-71.562721,1027,2,1,1,3,1,2,5
-46.348474,-71.511744,365,2,1,1,3,1,2,5
-46.484453,-71.158684,385,2,1,1,3,1,2,5
-46.747026,-71.617473,887,2,1,1,3,1,2,5
-47.021199,-71.823268,1456,2,1,1,3,1,2,5
-47.29005,-71.855364,659,2,1,1,3,1,2,5
-47.421111,-72.098919,947,2,1,1,3,1,2,5
-47.684203,-71.998854,1548,2,1,1,3,1,2,5
-48.072286,-71.913893,995,2,1,1,3,1,2,5
-48.276842,-71.798724,736,2,1,1,3,1,2,5
-48.652999,-72.023398,1438,2,1,1,3,1,2,5
-48.947075,-72.172552,1062,2,1,1,3,1,2,5
-49.212301,-72.344362,750,2,1,1,3,1,2,5
-49.493284,-72.485964,1102,2,1,1,3,1,2,5
-49.838463,-72.755951,1080,2,1,1,3,1,2,5
-50.169102,-72.81448,295,2,1,1,3,1,2,5
-50.531086,-72.66155,729,2,1,1,3,1,2,5
-50.663478,-72.274506,1523,2,1,1,3,1,2,5
-50.940866,-72.170664,285,2,1,1,3,1,2,5
-51.313481,-72.232969,395,2,1,1,3,1,2,5
-51.645619,-72.223529,245,2,1,1,3,1,2,5
-51.898517,-71.870469,266,2,1,1,3,1,2,5
-51.982865,-71.249309,200,2,1,1,3,1,2,5
-51.992712,-70.862264,257,2,1,1,3,1,2,5
-51.997907,-70.463891,161,2,1,1,3,1,2,5
-51.996127,-70.020206,126,2,1,1,3,1,2,5
-52.043147,-69.795531,122,2,1,1,3,1,2,5
-52.127223,-69.540648,167,2,1,1,3,1,2,5
-52.137037,-69.293317,110,2,1,1,3,1,2,5
-51.995982,-69.144163,75,2,1,1,3,1,2,5
-51.735163,-69.197737,30,2,1,1,3,1,2,5
-51.632701,-69.531917,28,2,1,1,3,1,2,5
-51.384131,-69.29969,125,2,1,1,3,1,2,5
-51.110502,-69.501708,65,2,1,1,3,1,2,5
-50.723024,-69.401643,285,2,1,1,3,1,2,5
-50.479122,-69.199625,317,2,1,1,3,1,2,5
-50.195292,-68.986278,238,2,1,1,3,1,2,5
-49.907334,-68.716291,111,2,1,1,3,1,2,5
-49.673882,-68.197084,119,2,1,1,3,1,2,5
-49.4172,-67.945977,60,2,1,1,3,1,2,5
-49.038022,-67.71375,58,2,1,1,3,1,2,5
-48.643457,-67.413555,124,2,1,1,3,1,2,5
-48.27846,-66.962317,142,2,1,1,3,1,2,5
-48.042283,-66.499751,62,2,1,1,3,1,2,5
-47.728877,-66.188227,50,2,1,1,3,1,2,5
-47.434012,-65.895584,40,2,1,1,3,1,2,5
-47.176,-66.169347,120,2,1,1,3,1,2,5
-47.094402,-66.681002,113,2,1,1,3,1,2,5
-46.968893,-66.950989,209,2,1,1,3,1,2,5
-46.703435,-67.353138,113,2,1,1,3,1,2,5
-46.322045,-67.660886,50,2,1,1,3,1,2,5
-45.987849,-67.72319,290,2,1,1,3,1,2,5
-45.596166,-67.517396,630,2,1,1,3,1,2,5
-45.3054,-67.266289,500,2,1,1,3,1,2,5
-44.986434,-66.860364,340,2,1,1,3,1,2,5
-44.625386,-66.488423,410,2,1,1,3,1,2,5
-44.324242,-66.10893,350,2,1,1,3,1,2,5
-43.937311,-65.933344,298,2,1,1,3,1,2,5
-43.594355,-65.572732,236,2,1,1,3,1,2,5
-43.180635,-65.310297,48,2,1,1,3,1,2,5
-42.780723,-65.251768,127,2,1,1,3,1,2,5
-42.29168,-65.215895,100,2,1,1,3,1,2,5
-41.759388,-65.327289,263,2,1,1,3,1,2,5
-41.214123,-65.382041,198,2,1,1,3,1,2,5
-40.893023,-65.285752,167,2,1,1,3,1,2,5
-40.770839,-65.034645,18,2,1,1,3,1,2,5
-41.709814,-69.935814,1319,2,1,1,3,1,2,5
-41.756692,-68.964105,1342,2,1,1,3,1,2,5
-41.8809,-67.66602,1103,2,1,1,3,1,2,5
-41.960756,-66.189912,543,2,1,1,3,1,2,5
-42.654507,-66.212165,196,2,1,1,3,1,2,5
-42.504134,-68.10366,935,2,1,1,3,1,2,5
-42.473879,-69.564933,1163,2,1,1,3,1,2,5
-42.607608,-70.803676,939,2,1,1,3,1,2,5
-43.606553,-70.825929,959,2,1,1,3,1,2,5
-43.576837,-69.468504,1222,2,1,1,3,1,2,5
-43.51484,-68.081407,299,2,1,1,3,1,2,5
-43.452779,-66.709146,229,2,1,1,3,1,2,5
-44.097994,-66.301177,255,2,1,1,3,1,2,5
-44.14309,-67.762449,325,2,1,1,3,1,2,5
-44.214407,-69.001193,457,2,1,1,3,1,2,5
-44.003865,-70.002573,1158,2,1,1,3,1,2,5
-44.123625,-71.107799,927,2,1,1,3,1,2,5
-44.592813,-70.670159,827,2,1,1,3,1,2,5
-44.648084,-69.564933,1355,2,1,1,3,1,2,5
-44.608327,-68.474542,954,2,1,1,3,1,2,5
-44.737398,-67.487997,299,2,1,1,3,1,2,5
-45.055132,-67.450909,243,2,1,1,3,1,2,5
-45.412783,-67.621514,394,2,1,1,3,1,2,5
-45.404809,-68.430036,317,2,1,1,3,1,2,5
-45.313435,-69.505592,697,2,1,1,3,1,2,5
-45.305447,-70.41796,547,2,1,1,3,1,2,5
-45.51618,-71.270987,655,2,1,1,3,1,2,5
-45.91223,-71.32291,711,2,1,1,3,1,2,5
-45.997158,-70.54406,652,2,1,1,3,1,2,5
-46.061372,-69.646527,447,2,1,1,3,1,2,5
-46.022595,-68.7935,674,2,1,1,3,1,2,5
-46.055903,-67.703108,130,2,1,1,3,1,2,5
-46.621615,-67.784702,315,2,1,1,3,1,2,5
-46.65456,-68.756411,304,2,1,1,3,1,2,5
-46.697661,-69.757791,361,2,1,1,3,1,2,5
-46.750893,-70.788841,577,2,1,1,3,1,2,5
-46.915658,-71.686374,1728,2,1,1,3,1,2,5
-47.512554,-71.708627,246,2,1,1,3,1,2,5
-47.514902,-70.811094,803,2,1,1,3,1,2,5
-47.416962,-69.943232,964,2,1,1,3,1,2,5
-47.469481,-69.001193,924,2,1,1,3,1,2,5
-47.461802,-68.014649,332,2,1,1,3,1,2,5
-47.474181,-66.850081,208,2,1,1,3,1,2,5
-47.985423,-66.486617,97,2,1,1,3,1,2,5
-48.18595,-67.413821,164,2,1,1,3,1,2,5
-48.385695,-68.637729,291,2,1,1,3,1,2,5
-48.427397,-69.757791,674,2,1,1,3,1,2,5
-48.449387,-70.848182,760,2,1,1,3,1,2,5
-48.510696,-71.805056,1371,2,1,1,3,1,2,5
-48.90458,-72.124014,1653,2,1,1,3,1,2,5
-49.385482,-72.169316,973,2,1,1,3,1,2,5
-49.407055,-71.4053,604,2,1,1,3,1,2,5
49.390008,-70.596779,332,2,1,1,3,1,2,5
-49.43088,-69.476717,145,2,1,1,3,1,2,5
-49.37522,-68.683031,311,2,1,1,3,1,2,5
-49.454693,-67.87451,110,2,1,1,3,1,2,5
-49.80288,-68.104456,62,2,1,1,3,1,2,5
-49.929433,-69.03166,91,2,1,1,3,1,2,5
-50.027071,-69.840181,434,2,1,1,3,1,2,5
-50.105485,-70.708043,445,2,1,1,3,1,2,5
-50.13625,-71.5314,404,2,1,1,3,1,2,5
-50.498436,-72.577285,631,2,1,1,3,1,2,5
-50.538377,-71.961622,950,2,1,1,3,1,2,5
-50.540587,-71.197607,503,2,1,1,3,1,2,5
-50.533368,-70.463262,360,2,1,1,3,1,2,5
-50.516716,-69.743752,333,2,1,1,3,1,2,5
-50.556642,-69.113253,66,2,1,1,3,1,2,5
-50.840742,-69.3432,176,2,1,1,3,1,2,5
-50.833569,-69.988533,297,2,1,1,3,1,2,5
-50.807649,-70.900902,340,2,1,1,3,1,2,5
-50.819219,-71.664917,580,2,1,1,3,1,2,5
-50.868253,-72.132228,476,2,1,1,3,1,2,5
-51.289843,-72.109975,443,2,1,1,3,1,2,5
-51.273459,-71.182771,336,2,1,1,3,1,2,5
-51.294191,-70.478097,179,2,1,1,3,1,2,5
-51.24996,-69.758587,99,2,1,1,3,1,2,5
-51.409716,-69.365453,107,2,1,1,3,1,2,5
-51.670235,-70.129468,74,2,1,1,3,1,2,5
-51.699984,-70.952825,279,2,1,1,3,1,2,5
-51.858169,-71.627829,113,2,1,1,3,1,2,5
-49.847784,-70.962502,867,2,1,1,3,1,2,5
-49.190518,-69.55007,398,2,1,1,3,1,2,5
-48.447193,-71.020746,790,2,1,1,3,1,2,5
-47.829862,-69.55007,774,2,1,1,3,1,2,5
-48.514155,-68.312372,190,2,1,1,3,1,2,5
-49.22738,-68.589034,270,2,1,1,3,1,2,5
-49.704973,-69.156919,136,2,1,1,3,1,2,5
-48.295751,-70.68584,603,2,1,1,3,1,2,5
-47.499815,-69.215163,762,2,1,1,3,1,2,5
-46.811349,-70.540228,539,2,1,1,3,1,2,5
-46.41595,-68.92394,612,2,1,1,3,1,2,5
-45.794755,-70.423739,586,2,1,1,3,1,2,5
-45.043229,-68.428861,397,2,1,1,3,1,2,5
-44.010036,-70.394617,859,2,1,1,3,1,2,5
-43.404472,-67.351335,281,2,1,1,3,1,2,5
-42.68585,-69.637437,403,2,1,1,3,1,2,5
-42.045382,-67.992026,1365,2,1,1,3,1,2,5
-42.78144,-66.696083,105,2,1,1,3,1,2,5
-41.860612,-69.972343,977,2,1,1,3,1,2,5
-41.255558,-68.093954,1055,2,1,1,3,1,2,5
-42.173661,-65.866098,290,2,1,1,3,1,2,5
-43.587014,-65.997148,209,2,1,1,3,1,2,5
-44.658051,-66.623278,410,2,1,1,3,1,2,5
-45.424235,-67.890098,356,2,1,1,3,1,2,5
-46.260757,-68.399739,227,2,1,1,3,1,2,5
-47.163968,-67.860976,207,2,1,1,3,1,2,5
-47.739667,-66.972745,156,2,1,1,3,1,2,5
-48.694991,-67.948343,160,2,1,1,3,1,2,5
-49.36774,-68.865696,328,2,1,1,3,1,2,5
-48.492145,-70.045149,782,2,1,1,3,1,2,5
-47.836277,-68.661839,298,2,1,1,3,1,2,5
-46.933912,-70.132516,784,2,1,1,3,1,2,5
-46.117111,-68.690962,629,2,1,1,3,1,2,5
-45.103321,-69.433581,674,2,1,1,3,1,2,5
-44.736973,-67.555192,326,2,1,1,3,1,2,5
-43.782476,-69.113235,713,2,1,1,3,1,2,5
-42.919217,-67.234846,133,2,1,1,3,1,2,5
-42.560625,-68.880257,1015,2,1,1,3,1,2,5
-42.393827,-67.496947,816,2,1,1,3,1,2,5
-41.66341,-70.161638,1191,2,1,1,3,1,2,5
-41.03454,-68.865696,1256,2,1,1,3,1,2,5
-40.797623,-66.987306,500,2,1,1,3,1,2,5
-43.468573,-66.011709,85,2,1,1,3,1,2,5
-44.500208,-67.598875,252,2,1,1,3,1,2,5
-45.929493,-68.306942,699,2,1,1,3,1,2,5
-47.195578,-68.583604,271,2,1,1,3,1,2,5
-48.644266,-68.976755,189,2,1,1,3,1,2,5
-49.60163,-68.991316,69,2,1,1,3,1,2,5
-48.845304,-70.957072,443,2,1,1,3,1,2,5
-47.411574,-70.971633,599,2,1,1,3,1,2,5
-46.441731,-70.316381,508,2,1,1,3,1,2,5
-45.454312,-70.767777,663,2,1,1,3,1,2,5
-44.449296,-70.083403,656,2,1,1,3,1,2,5
-43.40553,-70.534798,762,2,1,1,3,1,2,5
-42.386501,-69.67569,1003,2,1,1,3,1,2,5
-41.306919,-70.767777,1161,2,1,1,3,1,2,5
-40.209162,-69.879546,944,2,1,1,3,1,2,5
-42.616304,-67.214855,621,2,1,1,3,1,2,5
-44.881665,-68.16133,303,2,1,1,3,1,2,5
-46.393107,-68.525359,237,2,1,1,3,1,2,5
-48.311248,-68.53992,295,2,1,1,3,1,2,5
-49.879229,-69.399028,163,2,1,1,3,1,2,5